location_id,location_name,parameter,value,unit,datetimeUtc,datetimeLocal,timezone,latitude,longitude,country_iso,isMobile,isMonitor,owner_name,provider
2161292,"Số 46, phố Lưu Quang Vũ",co,1116.2,µg/m³,2025-05-24 00:00:00+00:00,2025-05-24 07:00:00+07:00,Asia/Bangkok,21.0152,105.7999,VN,False,True,Unknown Governmental Organization,Hanoi Air Quality Monitoring Network
2161292,"Số 46, phố Lưu Quang Vũ",co,1050.3,µg/m³,2025-05-24 01:00:00+00:00,2025-05-24 08:00:00+07:00,Asia/Bangkok,21.0152,105.7999,VN,False,True,Unknown Governmental Organization,Hanoi Air Quality Monitoring Network
2161292,"Số 46, phố Lưu Quang Vũ",co,627.9,µg/m³,2025-05-24 09:00:00+00:00,2025-05-24 16:00:00+07:00,Asia/Bangkok,21.0152,105.7999,VN,False,True,Unknown Governmental Organization,Hanoi Air Quality Monitoring Network
2161292,"Số 46, phố Lưu Quang Vũ",co,706.7,µg/m³,2025-05-24 10:00:00+00:00,2025-05-24 17:00:00+07:00,Asia/Bangkok,21.0152,105.7999,VN,False,True,Unknown Governmental Organization,Hanoi Air Quality Monitoring Network
2161292,"Số 46, phố Lưu Quang Vũ",co,798.6,µg/m³,2025-05-24 11:00:00+00:00,2025-05-24 18:00:00+07:00,Asia/Bangkok,21.0152,105.7999,VN,False,True,Unknown Governmental Organization,Hanoi Air Quality Monitoring Network
2161292,"Số 46, phố Lưu Quang Vũ",co,992.2,µg/m³,2025-05-24 12:00:00+00:00,2025-05-24 19:00:00+07:00,Asia/Bangkok,21.0152,105.7999,VN,False,True,Unknown Governmental Organization,Hanoi Air Quality Monitoring Network
2161292,"Số 46, phố Lưu Quang Vũ",co,1024.3,µg/m³,2025-05-24 13:00:00+00:00,2025-05-24 20:00:00+07:00,Asia/Bangkok,21.0152,105.7999,VN,False,True,Unknown Governmental Organization,Hanoi Air Quality Monitoring Network
2161292,"Số 46, phố Lưu Quang Vũ",co,866.5,µg/m³,2025-05-24 14:00:00+00:00,2025-05-24 21:00:00+07:00,Asia/Bangkok,21.0152,105.7999,VN,False,True,Unknown Governmental Organization,Hanoi Air Quality Monitoring Network
2161292,"Số 46, phố Lưu Quang Vũ",co,762.7,µg/m³,2025-05-24 15:00:00+00:00,2025-05-24 22:00:00+07:00,Asia/Bangkok,21.0152,105.7999,VN,False,True,Unknown Governmental Organization,Hanoi Air Quality Monitoring Network
2161292,"Số 46, phố Lưu Quang Vũ",co,635.5,µg/m³,2025-05-24 16:00:00+00:00,2025-05-24 23:00:00+07:00,Asia/Bangkok,21.0152,105.7999,VN,False,True,Unknown Governmental Organization,Hanoi Air Quality Monitoring Network
2161292,"Số 46, phố Lưu Quang Vũ",co,457.5,µg/m³,2025-05-24 17:00:00+00:00,2025-05-25 00:00:00+07:00,Asia/Bangkok,21.0152,105.7999,VN,False,True,Unknown Governmental Organization,Hanoi Air Quality Monitoring Network
2161292,"Số 46, phố Lưu Quang Vũ",co,449.8,µg/m³,2025-05-24 18:00:00+00:00,2025-05-25 01:00:00+07:00,Asia/Bangkok,21.0152,105.7999,VN,False,True,Unknown Governmental Organization,Hanoi Air Quality Monitoring Network
2161292,"Số 46, phố Lưu Quang Vũ",co,316.3,µg/m³,2025-05-24 19:00:00+00:00,2025-05-25 02:00:00+07:00,Asia/Bangkok,21.0152,105.7999,VN,False,True,Unknown Governmental Organization,Hanoi Air Quality Monitoring Network
2161292,"Số 46, phố Lưu Quang Vũ",co,363.2,µg/m³,2025-05-24 20:00:00+00:00,2025-05-25 03:00:00+07:00,Asia/Bangkok,21.0152,105.7999,VN,False,True,Unknown Governmental Organization,Hanoi Air Quality Monitoring Network
2161292,"Số 46, phố Lưu Quang Vũ",co,301.3,µg/m³,2025-05-24 21:00:00+00:00,2025-05-25 04:00:00+07:00,Asia/Bangkok,21.0152,105.7999,VN,False,True,Unknown Governmental Organization,Hanoi Air Quality Monitoring Network
2161292,"Số 46, phố Lưu Quang Vũ",co,392.0,µg/m³,2025-05-24 22:00:00+00:00,2025-05-25 05:00:00+07:00,Asia/Bangkok,21.0152,105.7999,VN,False,True,Unknown Governmental Organization,Hanoi Air Quality Monitoring Network
2161292,"Số 46, phố Lưu Quang Vũ",co,408.9,µg/m³,2025-05-24 23:00:00+00:00,2025-05-25 06:00:00+07:00,Asia/Bangkok,21.0152,105.7999,VN,False,True,Unknown Governmental Organization,Hanoi Air Quality Monitoring Network
2161292,"Số 46, phố Lưu Quang Vũ",pm25,33.91,µg/m³,2025-05-24 00:00:00+00:00,2025-05-24 07:00:00+07:00,Asia/Bangkok,21.0152,105.7999,VN,False,True,Unknown Governmental Organization,Hanoi Air Quality Monitoring Network
2161292,"Số 46, phố Lưu Quang Vũ",pm25,24.41,µg/m³,2025-05-24 01:00:00+00:00,2025-05-24 08:00:00+07:00,Asia/Bangkok,21.0152,105.7999,VN,False,True,Unknown Governmental Organization,Hanoi Air Quality Monitoring Network
2161292,"Số 46, phố Lưu Quang Vũ",pm25,12.87,µg/m³,2025-05-24 09:00:00+00:00,2025-05-24 16:00:00+07:00,Asia/Bangkok,21.0152,105.7999,VN,False,True,Unknown Governmental Organization,Hanoi Air Quality Monitoring Network
2161292,"Số 46, phố Lưu Quang Vũ",pm25,11.38,µg/m³,2025-05-24 10:00:00+00:00,2025-05-24 17:00:00+07:00,Asia/Bangkok,21.0152,105.7999,VN,False,True,Unknown Governmental Organization,Hanoi Air Quality Monitoring Network
2161292,"Số 46, phố Lưu Quang Vũ",pm25,10.46,µg/m³,2025-05-24 11:00:00+00:00,2025-05-24 18:00:00+07:00,Asia/Bangkok,21.0152,105.7999,VN,False,True,Unknown Governmental Organization,Hanoi Air Quality Monitoring Network
2161292,"Số 46, phố Lưu Quang Vũ",pm25,10.79,µg/m³,2025-05-24 12:00:00+00:00,2025-05-24 19:00:00+07:00,Asia/Bangkok,21.0152,105.7999,VN,False,True,Unknown Governmental Organization,Hanoi Air Quality Monitoring Network
2161292,"Số 46, phố Lưu Quang Vũ",pm25,9.38,µg/m³,2025-05-24 13:00:00+00:00,2025-05-24 20:00:00+07:00,Asia/Bangkok,21.0152,105.7999,VN,False,True,Unknown Governmental Organization,Hanoi Air Quality Monitoring Network
2161292,"Số 46, phố Lưu Quang Vũ",pm25,9.94,µg/m³,2025-05-24 14:00:00+00:00,2025-05-24 21:00:00+07:00,Asia/Bangkok,21.0152,105.7999,VN,False,True,Unknown Governmental Organization,Hanoi Air Quality Monitoring Network
2161292,"Số 46, phố Lưu Quang Vũ",pm25,23.34,µg/m³,2025-05-24 15:00:00+00:00,2025-05-24 22:00:00+07:00,Asia/Bangkok,21.0152,105.7999,VN,False,True,Unknown Governmental Organization,Hanoi Air Quality Monitoring Network
2161292,"Số 46, phố Lưu Quang Vũ",pm25,19.41,µg/m³,2025-05-24 16:00:00+00:00,2025-05-24 23:00:00+07:00,Asia/Bangkok,21.0152,105.7999,VN,False,True,Unknown Governmental Organization,Hanoi Air Quality Monitoring Network
2161292,"Số 46, phố Lưu Quang Vũ",pm25,21.53,µg/m³,2025-05-24 17:00:00+00:00,2025-05-25 00:00:00+07:00,Asia/Bangkok,21.0152,105.7999,VN,False,True,Unknown Governmental Organization,Hanoi Air Quality Monitoring Network
2161292,"Số 46, phố Lưu Quang Vũ",pm25,17.26,µg/m³,2025-05-24 18:00:00+00:00,2025-05-25 01:00:00+07:00,Asia/Bangkok,21.0152,105.7999,VN,False,True,Unknown Governmental Organization,Hanoi Air Quality Monitoring Network
2161292,"Số 46, phố Lưu Quang Vũ",pm25,14.45,µg/m³,2025-05-24 19:00:00+00:00,2025-05-25 02:00:00+07:00,Asia/Bangkok,21.0152,105.7999,VN,False,True,Unknown Governmental Organization,Hanoi Air Quality Monitoring Network
2161292,"Số 46, phố Lưu Quang Vũ",pm25,10.85,µg/m³,2025-05-24 20:00:00+00:00,2025-05-25 03:00:00+07:00,Asia/Bangkok,21.0152,105.7999,VN,False,True,Unknown Governmental Organization,Hanoi Air Quality Monitoring Network
2161292,"Số 46, phố Lưu Quang Vũ",pm25,12.16,µg/m³,2025-05-24 21:00:00+00:00,2025-05-25 04:00:00+07:00,Asia/Bangkok,21.0152,105.7999,VN,False,True,Unknown Governmental Organization,Hanoi Air Quality Monitoring Network
2161292,"Số 46, phố Lưu Quang Vũ",pm25,9.28,µg/m³,2025-05-24 22:00:00+00:00,2025-05-25 05:00:00+07:00,Asia/Bangkok,21.0152,105.7999,VN,False,True,Unknown Governmental Organization,Hanoi Air Quality Monitoring Network
2161292,"Số 46, phố Lưu Quang Vũ",pm25,19.86,µg/m³,2025-05-24 23:00:00+00:00,2025-05-25 06:00:00+07:00,Asia/Bangkok,21.0152,105.7999,VN,False,True,Unknown Governmental Organization,Hanoi Air Quality Monitoring Network
2161296,Đào Duy Từ,co,878.1,µg/m³,2025-05-24 00:00:00+00:00,2025-05-24 07:00:00+07:00,Asia/Bangkok,21.0354,105.8529,VN,False,True,Unknown Governmental Organization,Hanoi Air Quality Monitoring Network
2161296,Đào Duy Từ,co,901.3,µg/m³,2025-05-24 01:00:00+00:00,2025-05-24 08:00:00+07:00,Asia/Bangkok,21.0354,105.8529,VN,False,True,Unknown Governmental Organization,Hanoi Air Quality Monitoring Network
2161296,Đào Duy Từ,co,868.6,µg/m³,2025-05-24 09:00:00+00:00,2025-05-24 16:00:00+07:00,Asia/Bangkok,21.0354,105.8529,VN,False,True,Unknown Governmental Organization,Hanoi Air Quality Monitoring Network
2161296,Đào Duy Từ,co,1187.8,µg/m³,2025-05-24 10:00:00+00:00,2025-05-24 17:00:00+07:00,Asia/Bangkok,21.0354,105.8529,VN,False,True,Unknown Governmental Organization,Hanoi Air Quality Monitoring Network
2161296,Đào Duy Từ,co,1175.7,µg/m³,2025-05-24 11:00:00+00:00,2025-05-24 18:00:00+07:00,Asia/Bangkok,21.0354,105.8529,VN,False,True,Unknown Governmental Organization,Hanoi Air Quality Monitoring Network
2161296,Đào Duy Từ,co,1210.8,µg/m³,2025-05-24 12:00:00+00:00,2025-05-24 19:00:00+07:00,Asia/Bangkok,21.0354,105.8529,VN,False,True,Unknown Governmental Organization,Hanoi Air Quality Monitoring Network
2161296,Đào Duy Từ,co,798.5,µg/m³,2025-05-24 13:00:00+00:00,2025-05-24 20:00:00+07:00,Asia/Bangkok,21.0354,105.8529,VN,False,True,Unknown Governmental Organization,Hanoi Air Quality Monitoring Network
2161296,Đào Duy Từ,co,722.7,µg/m³,2025-05-24 14:00:00+00:00,2025-05-24 21:00:00+07:00,Asia/Bangkok,21.0354,105.8529,VN,False,True,Unknown Governmental Organization,Hanoi Air Quality Monitoring Network
2161296,Đào Duy Từ,co,833.1,µg/m³,2025-05-24 15:00:00+00:00,2025-05-24 22:00:00+07:00,Asia/Bangkok,21.0354,105.8529,VN,False,True,Unknown Governmental Organization,Hanoi Air Quality Monitoring Network
2161296,Đào Duy Từ,co,428.7,µg/m³,2025-05-24 16:00:00+00:00,2025-05-24 23:00:00+07:00,Asia/Bangkok,21.0354,105.8529,VN,False,True,Unknown Governmental Organization,Hanoi Air Quality Monitoring Network
2161296,Đào Duy Từ,co,350.1,µg/m³,2025-05-24 17:00:00+00:00,2025-05-25 00:00:00+07:00,Asia/Bangkok,21.0354,105.8529,VN,False,True,Unknown Governmental Organization,Hanoi Air Quality Monitoring Network
2161296,Đào Duy Từ,co,206.5,µg/m³,2025-05-24 18:00:00+00:00,2025-05-25 01:00:00+07:00,Asia/Bangkok,21.0354,105.8529,VN,False,True,Unknown Governmental Organization,Hanoi Air Quality Monitoring Network
2161296,Đào Duy Từ,co,167.6,µg/m³,2025-05-24 19:00:00+00:00,2025-05-25 02:00:00+07:00,Asia/Bangkok,21.0354,105.8529,VN,False,True,Unknown Governmental Organization,Hanoi Air Quality Monitoring Network
2161296,Đào Duy Từ,co,243.8,µg/m³,2025-05-24 20:00:00+00:00,2025-05-25 03:00:00+07:00,Asia/Bangkok,21.0354,105.8529,VN,False,True,Unknown Governmental Organization,Hanoi Air Quality Monitoring Network
2161296,Đào Duy Từ,co,260.3,µg/m³,2025-05-24 21:00:00+00:00,2025-05-25 04:00:00+07:00,Asia/Bangkok,21.0354,105.8529,VN,False,True,Unknown Governmental Organization,Hanoi Air Quality Monitoring Network
2161296,Đào Duy Từ,co,677.2,µg/m³,2025-05-24 22:00:00+00:00,2025-05-25 05:00:00+07:00,Asia/Bangkok,21.0354,105.8529,VN,False,True,Unknown Governmental Organization,Hanoi Air Quality Monitoring Network
2161296,Đào Duy Từ,co,681.7,µg/m³,2025-05-24 23:00:00+00:00,2025-05-25 06:00:00+07:00,Asia/Bangkok,21.0354,105.8529,VN,False,True,Unknown Governmental Organization,Hanoi Air Quality Monitoring Network
2161296,Đào Duy Từ,no2,27.5,µg/m³,2025-05-24 00:00:00+00:00,2025-05-24 07:00:00+07:00,Asia/Bangkok,21.0354,105.8529,VN,False,True,Unknown Governmental Organization,Hanoi Air Quality Monitoring Network
2161296,Đào Duy Từ,no2,32.5,µg/m³,2025-05-24 01:00:00+00:00,2025-05-24 08:00:00+07:00,Asia/Bangkok,21.0354,105.8529,VN,False,True,Unknown Governmental Organization,Hanoi Air Quality Monitoring Network
2161296,Đào Duy Từ,no2,37.7,µg/m³,2025-05-24 09:00:00+00:00,2025-05-24 16:00:00+07:00,Asia/Bangkok,21.0354,105.8529,VN,False,True,Unknown Governmental Organization,Hanoi Air Quality Monitoring Network
2161296,Đào Duy Từ,no2,44.5,µg/m³,2025-05-24 10:00:00+00:00,2025-05-24 17:00:00+07:00,Asia/Bangkok,21.0354,105.8529,VN,False,True,Unknown Governmental Organization,Hanoi Air Quality Monitoring Network
2161296,Đào Duy Từ,no2,50.4,µg/m³,2025-05-24 11:00:00+00:00,2025-05-24 18:00:00+07:00,Asia/Bangkok,21.0354,105.8529,VN,False,True,Unknown Governmental Organization,Hanoi Air Quality Monitoring Network
2161296,Đào Duy Từ,no2,65.9,µg/m³,2025-05-24 12:00:00+00:00,2025-05-24 19:00:00+07:00,Asia/Bangkok,21.0354,105.8529,VN,False,True,Unknown Governmental Organization,Hanoi Air Quality Monitoring Network
2161296,Đào Duy Từ,no2,53.8,µg/m³,2025-05-24 13:00:00+00:00,2025-05-24 20:00:00+07:00,Asia/Bangkok,21.0354,105.8529,VN,False,True,Unknown Governmental Organization,Hanoi Air Quality Monitoring Network
2161296,Đào Duy Từ,no2,43.3,µg/m³,2025-05-24 14:00:00+00:00,2025-05-24 21:00:00+07:00,Asia/Bangkok,21.0354,105.8529,VN,False,True,Unknown Governmental Organization,Hanoi Air Quality Monitoring Network
2161296,Đào Duy Từ,no2,43.2,µg/m³,2025-05-24 15:00:00+00:00,2025-05-24 22:00:00+07:00,Asia/Bangkok,21.0354,105.8529,VN,False,True,Unknown Governmental Organization,Hanoi Air Quality Monitoring Network
2161296,Đào Duy Từ,no2,28.8,µg/m³,2025-05-24 16:00:00+00:00,2025-05-24 23:00:00+07:00,Asia/Bangkok,21.0354,105.8529,VN,False,True,Unknown Governmental Organization,Hanoi Air Quality Monitoring Network
2161296,Đào Duy Từ,no2,26.7,µg/m³,2025-05-24 17:00:00+00:00,2025-05-25 00:00:00+07:00,Asia/Bangkok,21.0354,105.8529,VN,False,True,Unknown Governmental Organization,Hanoi Air Quality Monitoring Network
2161296,Đào Duy Từ,no2,19.2,µg/m³,2025-05-24 18:00:00+00:00,2025-05-25 01:00:00+07:00,Asia/Bangkok,21.0354,105.8529,VN,False,True,Unknown Governmental Organization,Hanoi Air Quality Monitoring Network
2161296,Đào Duy Từ,no2,18.3,µg/m³,2025-05-24 19:00:00+00:00,2025-05-25 02:00:00+07:00,Asia/Bangkok,21.0354,105.8529,VN,False,True,Unknown Governmental Organization,Hanoi Air Quality Monitoring Network
2161296,Đào Duy Từ,no2,19.9,µg/m³,2025-05-24 20:00:00+00:00,2025-05-25 03:00:00+07:00,Asia/Bangkok,21.0354,105.8529,VN,False,True,Unknown Governmental Organization,Hanoi Air Quality Monitoring Network
2161296,Đào Duy Từ,no2,19.5,µg/m³,2025-05-24 21:00:00+00:00,2025-05-25 04:00:00+07:00,Asia/Bangkok,21.0354,105.8529,VN,False,True,Unknown Governmental Organization,Hanoi Air Quality Monitoring Network
2161296,Đào Duy Từ,no2,34.0,µg/m³,2025-05-24 22:00:00+00:00,2025-05-25 05:00:00+07:00,Asia/Bangkok,21.0354,105.8529,VN,False,True,Unknown Governmental Organization,Hanoi Air Quality Monitoring Network
2161296,Đào Duy Từ,no2,39.4,µg/m³,2025-05-24 23:00:00+00:00,2025-05-25 06:00:00+07:00,Asia/Bangkok,21.0354,105.8529,VN,False,True,Unknown Governmental Organization,Hanoi Air Quality Monitoring Network
2161296,Đào Duy Từ,pm25,6.3,µg/m³,2025-05-24 00:00:00+00:00,2025-05-24 07:00:00+07:00,Asia/Bangkok,21.0354,105.8529,VN,False,True,Unknown Governmental Organization,Hanoi Air Quality Monitoring Network
2161296,Đào Duy Từ,pm25,7.0,µg/m³,2025-05-24 01:00:00+00:00,2025-05-24 08:00:00+07:00,Asia/Bangkok,21.0354,105.8529,VN,False,True,Unknown Governmental Organization,Hanoi Air Quality Monitoring Network
2161296,Đào Duy Từ,pm25,11.3,µg/m³,2025-05-24 09:00:00+00:00,2025-05-24 16:00:00+07:00,Asia/Bangkok,21.0354,105.8529,VN,False,True,Unknown Governmental Organization,Hanoi Air Quality Monitoring Network
2161296,Đào Duy Từ,pm25,10.5,µg/m³,2025-05-24 10:00:00+00:00,2025-05-24 17:00:00+07:00,Asia/Bangkok,21.0354,105.8529,VN,False,True,Unknown Governmental Organization,Hanoi Air Quality Monitoring Network
2161296,Đào Duy Từ,pm25,10.6,µg/m³,2025-05-24 11:00:00+00:00,2025-05-24 18:00:00+07:00,Asia/Bangkok,21.0354,105.8529,VN,False,True,Unknown Governmental Organization,Hanoi Air Quality Monitoring Network
2161296,Đào Duy Từ,pm25,13.0,µg/m³,2025-05-24 12:00:00+00:00,2025-05-24 19:00:00+07:00,Asia/Bangkok,21.0354,105.8529,VN,False,True,Unknown Governmental Organization,Hanoi Air Quality Monitoring Network
2161296,Đào Duy Từ,pm25,14.7,µg/m³,2025-05-24 13:00:00+00:00,2025-05-24 20:00:00+07:00,Asia/Bangkok,21.0354,105.8529,VN,False,True,Unknown Governmental Organization,Hanoi Air Quality Monitoring Network
2161296,Đào Duy Từ,pm25,13.2,µg/m³,2025-05-24 14:00:00+00:00,2025-05-24 21:00:00+07:00,Asia/Bangkok,21.0354,105.8529,VN,False,True,Unknown Governmental Organization,Hanoi Air Quality Monitoring Network
2161296,Đào Duy Từ,pm25,13.7,µg/m³,2025-05-24 15:00:00+00:00,2025-05-24 22:00:00+07:00,Asia/Bangkok,21.0354,105.8529,VN,False,True,Unknown Governmental Organization,Hanoi Air Quality Monitoring Network
2161296,Đào Duy Từ,pm25,10.1,µg/m³,2025-05-24 16:00:00+00:00,2025-05-24 23:00:00+07:00,Asia/Bangkok,21.0354,105.8529,VN,False,True,Unknown Governmental Organization,Hanoi Air Quality Monitoring Network
2161296,Đào Duy Từ,pm25,9.5,µg/m³,2025-05-24 17:00:00+00:00,2025-05-25 00:00:00+07:00,Asia/Bangkok,21.0354,105.8529,VN,False,True,Unknown Governmental Organization,Hanoi Air Quality Monitoring Network
2161296,Đào Duy Từ,pm25,8.9,µg/m³,2025-05-24 18:00:00+00:00,2025-05-25 01:00:00+07:00,Asia/Bangkok,21.0354,105.8529,VN,False,True,Unknown Governmental Organization,Hanoi Air Quality Monitoring Network
2161296,Đào Duy Từ,pm25,9.1,µg/m³,2025-05-24 19:00:00+00:00,2025-05-25 02:00:00+07:00,Asia/Bangkok,21.0354,105.8529,VN,False,True,Unknown Governmental Organization,Hanoi Air Quality Monitoring Network
2161296,Đào Duy Từ,pm25,9.0,µg/m³,2025-05-24 20:00:00+00:00,2025-05-25 03:00:00+07:00,Asia/Bangkok,21.0354,105.8529,VN,False,True,Unknown Governmental Organization,Hanoi Air Quality Monitoring Network
2161296,Đào Duy Từ,pm25,9.1,µg/m³,2025-05-24 21:00:00+00:00,2025-05-25 04:00:00+07:00,Asia/Bangkok,21.0354,105.8529,VN,False,True,Unknown Governmental Organization,Hanoi Air Quality Monitoring Network
2161296,Đào Duy Từ,pm25,11.8,µg/m³,2025-05-24 22:00:00+00:00,2025-05-25 05:00:00+07:00,Asia/Bangkok,21.0354,105.8529,VN,False,True,Unknown Governmental Organization,Hanoi Air Quality Monitoring Network
2161296,Đào Duy Từ,pm25,11.9,µg/m³,2025-05-24 23:00:00+00:00,2025-05-25 06:00:00+07:00,Asia/Bangkok,21.0354,105.8529,VN,False,True,Unknown Governmental Organization,Hanoi Air Quality Monitoring Network
2161296,Đào Duy Từ,pm10,7.8,µg/m³,2025-05-24 00:00:00+00:00,2025-05-24 07:00:00+07:00,Asia/Bangkok,21.0354,105.8529,VN,False,True,Unknown Governmental Organization,Hanoi Air Quality Monitoring Network
2161296,Đào Duy Từ,pm10,8.8,µg/m³,2025-05-24 01:00:00+00:00,2025-05-24 08:00:00+07:00,Asia/Bangkok,21.0354,105.8529,VN,False,True,Unknown Governmental Organization,Hanoi Air Quality Monitoring Network
2161296,Đào Duy Từ,pm10,16.9,µg/m³,2025-05-24 09:00:00+00:00,2025-05-24 16:00:00+07:00,Asia/Bangkok,21.0354,105.8529,VN,False,True,Unknown Governmental Organization,Hanoi Air Quality Monitoring Network
2161296,Đào Duy Từ,pm10,14.7,µg/m³,2025-05-24 10:00:00+00:00,2025-05-24 17:00:00+07:00,Asia/Bangkok,21.0354,105.8529,VN,False,True,Unknown Governmental Organization,Hanoi Air Quality Monitoring Network
2161296,Đào Duy Từ,pm10,14.1,µg/m³,2025-05-24 11:00:00+00:00,2025-05-24 18:00:00+07:00,Asia/Bangkok,21.0354,105.8529,VN,False,True,Unknown Governmental Organization,Hanoi Air Quality Monitoring Network
2161296,Đào Duy Từ,pm10,17.7,µg/m³,2025-05-24 12:00:00+00:00,2025-05-24 19:00:00+07:00,Asia/Bangkok,21.0354,105.8529,VN,False,True,Unknown Governmental Organization,Hanoi Air Quality Monitoring Network
2161296,Đào Duy Từ,pm10,19.9,µg/m³,2025-05-24 13:00:00+00:00,2025-05-24 20:00:00+07:00,Asia/Bangkok,21.0354,105.8529,VN,False,True,Unknown Governmental Organization,Hanoi Air Quality Monitoring Network
2161296,Đào Duy Từ,pm10,17.7,µg/m³,2025-05-24 14:00:00+00:00,2025-05-24 21:00:00+07:00,Asia/Bangkok,21.0354,105.8529,VN,False,True,Unknown Governmental Organization,Hanoi Air Quality Monitoring Network
2161296,Đào Duy Từ,pm10,18.4,µg/m³,2025-05-24 15:00:00+00:00,2025-05-24 22:00:00+07:00,Asia/Bangkok,21.0354,105.8529,VN,False,True,Unknown Governmental Organization,Hanoi Air Quality Monitoring Network
2161296,Đào Duy Từ,pm10,13.3,µg/m³,2025-05-24 16:00:00+00:00,2025-05-24 23:00:00+07:00,Asia/Bangkok,21.0354,105.8529,VN,False,True,Unknown Governmental Organization,Hanoi Air Quality Monitoring Network
2161296,Đào Duy Từ,pm10,12.3,µg/m³,2025-05-24 17:00:00+00:00,2025-05-25 00:00:00+07:00,Asia/Bangkok,21.0354,105.8529,VN,False,True,Unknown Governmental Organization,Hanoi Air Quality Monitoring Network
2161296,Đào Duy Từ,pm10,11.5,µg/m³,2025-05-24 18:00:00+00:00,2025-05-25 01:00:00+07:00,Asia/Bangkok,21.0354,105.8529,VN,False,True,Unknown Governmental Organization,Hanoi Air Quality Monitoring Network
2161296,Đào Duy Từ,pm10,11.7,µg/m³,2025-05-24 19:00:00+00:00,2025-05-25 02:00:00+07:00,Asia/Bangkok,21.0354,105.8529,VN,False,True,Unknown Governmental Organization,Hanoi Air Quality Monitoring Network
2161296,Đào Duy Từ,pm10,11.6,µg/m³,2025-05-24 20:00:00+00:00,2025-05-25 03:00:00+07:00,Asia/Bangkok,21.0354,105.8529,VN,False,True,Unknown Governmental Organization,Hanoi Air Quality Monitoring Network
2161296,Đào Duy Từ,pm10,11.8,µg/m³,2025-05-24 21:00:00+00:00,2025-05-25 04:00:00+07:00,Asia/Bangkok,21.0354,105.8529,VN,False,True,Unknown Governmental Organization,Hanoi Air Quality Monitoring Network
2161296,Đào Duy Từ,pm10,15.7,µg/m³,2025-05-24 22:00:00+00:00,2025-05-25 05:00:00+07:00,Asia/Bangkok,21.0354,105.8529,VN,False,True,Unknown Governmental Organization,Hanoi Air Quality Monitoring Network
2161296,Đào Duy Từ,pm10,15.9,µg/m³,2025-05-24 23:00:00+00:00,2025-05-25 06:00:00+07:00,Asia/Bangkok,21.0354,105.8529,VN,False,True,Unknown Governmental Organization,Hanoi Air Quality Monitoring Network
2161306,Minh Khai - Bắc Từ Liêm,co,0.8,µg/m³,2025-05-24 00:00:00+00:00,2025-05-24 07:00:00+07:00,Asia/Bangkok,21.05,105.74,VN,False,True,Unknown Governmental Organization,Hanoi Air Quality Monitoring Network
2161306,Minh Khai - Bắc Từ Liêm,co,0.5,µg/m³,2025-05-24 01:00:00+00:00,2025-05-24 08:00:00+07:00,Asia/Bangkok,21.05,105.74,VN,False,True,Unknown Governmental Organization,Hanoi Air Quality Monitoring Network
2161306,Minh Khai - Bắc Từ Liêm,co,0.5,µg/m³,2025-05-24 09:00:00+00:00,2025-05-24 16:00:00+07:00,Asia/Bangkok,21.05,105.74,VN,False,True,Unknown Governmental Organization,Hanoi Air Quality Monitoring Network
2161306,Minh Khai - Bắc Từ Liêm,co,0.8,µg/m³,2025-05-24 10:00:00+00:00,2025-05-24 17:00:00+07:00,Asia/Bangkok,21.05,105.74,VN,False,True,Unknown Governmental Organization,Hanoi Air Quality Monitoring Network
2161306,Minh Khai - Bắc Từ Liêm,co,1.3,µg/m³,2025-05-24 11:00:00+00:00,2025-05-24 18:00:00+07:00,Asia/Bangkok,21.05,105.74,VN,False,True,Unknown Governmental Organization,Hanoi Air Quality Monitoring Network
2161306,Minh Khai - Bắc Từ Liêm,co,1.5,µg/m³,2025-05-24 12:00:00+00:00,2025-05-24 19:00:00+07:00,Asia/Bangkok,21.05,105.74,VN,False,True,Unknown Governmental Organization,Hanoi Air Quality Monitoring Network
2161306,Minh Khai - Bắc Từ Liêm,co,0.8,µg/m³,2025-05-24 13:00:00+00:00,2025-05-24 20:00:00+07:00,Asia/Bangkok,21.05,105.74,VN,False,True,Unknown Governmental Organization,Hanoi Air Quality Monitoring Network
2161306,Minh Khai - Bắc Từ Liêm,co,0.5,µg/m³,2025-05-24 14:00:00+00:00,2025-05-24 21:00:00+07:00,Asia/Bangkok,21.05,105.74,VN,False,True,Unknown Governmental Organization,Hanoi Air Quality Monitoring Network
2161306,Minh Khai - Bắc Từ Liêm,co,0.2,µg/m³,2025-05-24 15:00:00+00:00,2025-05-24 22:00:00+07:00,Asia/Bangkok,21.05,105.74,VN,False,True,Unknown Governmental Organization,Hanoi Air Quality Monitoring Network
2161306,Minh Khai - Bắc Từ Liêm,co,0.5,µg/m³,2025-05-24 16:00:00+00:00,2025-05-24 23:00:00+07:00,Asia/Bangkok,21.05,105.74,VN,False,True,Unknown Governmental Organization,Hanoi Air Quality Monitoring Network
2161306,Minh Khai - Bắc Từ Liêm,co,0.3,µg/m³,2025-05-24 17:00:00+00:00,2025-05-25 00:00:00+07:00,Asia/Bangkok,21.05,105.74,VN,False,True,Unknown Governmental Organization,Hanoi Air Quality Monitoring Network
2161306,Minh Khai - Bắc Từ Liêm,co,0.4,µg/m³,2025-05-24 18:00:00+00:00,2025-05-25 01:00:00+07:00,Asia/Bangkok,21.05,105.74,VN,False,True,Unknown Governmental Organization,Hanoi Air Quality Monitoring Network
2161306,Minh Khai - Bắc Từ Liêm,co,0.1,µg/m³,2025-05-24 19:00:00+00:00,2025-05-25 02:00:00+07:00,Asia/Bangkok,21.05,105.74,VN,False,True,Unknown Governmental Organization,Hanoi Air Quality Monitoring Network
2161306,Minh Khai - Bắc Từ Liêm,co,0.2,µg/m³,2025-05-24 20:00:00+00:00,2025-05-25 03:00:00+07:00,Asia/Bangkok,21.05,105.74,VN,False,True,Unknown Governmental Organization,Hanoi Air Quality Monitoring Network
2161306,Minh Khai - Bắc Từ Liêm,co,0.4,µg/m³,2025-05-24 21:00:00+00:00,2025-05-25 04:00:00+07:00,Asia/Bangkok,21.05,105.74,VN,False,True,Unknown Governmental Organization,Hanoi Air Quality Monitoring Network
2161306,Minh Khai - Bắc Từ Liêm,co,0.8,µg/m³,2025-05-24 22:00:00+00:00,2025-05-25 05:00:00+07:00,Asia/Bangkok,21.05,105.74,VN,False,True,Unknown Governmental Organization,Hanoi Air Quality Monitoring Network
2161306,Minh Khai - Bắc Từ Liêm,co,0.7,µg/m³,2025-05-24 23:00:00+00:00,2025-05-25 06:00:00+07:00,Asia/Bangkok,21.05,105.74,VN,False,True,Unknown Governmental Organization,Hanoi Air Quality Monitoring Network
2161306,Minh Khai - Bắc Từ Liêm,so2,2.16,µg/m³,2025-05-24 00:00:00+00:00,2025-05-24 07:00:00+07:00,Asia/Bangkok,21.05,105.74,VN,False,True,Unknown Governmental Organization,Hanoi Air Quality Monitoring Network
2161306,Minh Khai - Bắc Từ Liêm,so2,1.29,µg/m³,2025-05-24 01:00:00+00:00,2025-05-24 08:00:00+07:00,Asia/Bangkok,21.05,105.74,VN,False,True,Unknown Governmental Organization,Hanoi Air Quality Monitoring Network
2161306,Minh Khai - Bắc Từ Liêm,so2,1.4,µg/m³,2025-05-24 09:00:00+00:00,2025-05-24 16:00:00+07:00,Asia/Bangkok,21.05,105.74,VN,False,True,Unknown Governmental Organization,Hanoi Air Quality Monitoring Network
2161306,Minh Khai - Bắc Từ Liêm,so2,2.76,µg/m³,2025-05-24 10:00:00+00:00,2025-05-24 17:00:00+07:00,Asia/Bangkok,21.05,105.74,VN,False,True,Unknown Governmental Organization,Hanoi Air Quality Monitoring Network
2161306,Minh Khai - Bắc Từ Liêm,so2,2.46,µg/m³,2025-05-24 11:00:00+00:00,2025-05-24 18:00:00+07:00,Asia/Bangkok,21.05,105.74,VN,False,True,Unknown Governmental Organization,Hanoi Air Quality Monitoring Network
2161306,Minh Khai - Bắc Từ Liêm,so2,2.89,µg/m³,2025-05-24 12:00:00+00:00,2025-05-24 19:00:00+07:00,Asia/Bangkok,21.05,105.74,VN,False,True,Unknown Governmental Organization,Hanoi Air Quality Monitoring Network
2161306,Minh Khai - Bắc Từ Liêm,so2,2.37,µg/m³,2025-05-24 13:00:00+00:00,2025-05-24 20:00:00+07:00,Asia/Bangkok,21.05,105.74,VN,False,True,Unknown Governmental Organization,Hanoi Air Quality Monitoring Network
2161306,Minh Khai - Bắc Từ Liêm,so2,2.04,µg/m³,2025-05-24 14:00:00+00:00,2025-05-24 21:00:00+07:00,Asia/Bangkok,21.05,105.74,VN,False,True,Unknown Governmental Organization,Hanoi Air Quality Monitoring Network
2161306,Minh Khai - Bắc Từ Liêm,so2,1.25,µg/m³,2025-05-24 15:00:00+00:00,2025-05-24 22:00:00+07:00,Asia/Bangkok,21.05,105.74,VN,False,True,Unknown Governmental Organization,Hanoi Air Quality Monitoring Network
2161306,Minh Khai - Bắc Từ Liêm,so2,2.31,µg/m³,2025-05-24 16:00:00+00:00,2025-05-24 23:00:00+07:00,Asia/Bangkok,21.05,105.74,VN,False,True,Unknown Governmental Organization,Hanoi Air Quality Monitoring Network
2161306,Minh Khai - Bắc Từ Liêm,so2,0.81,µg/m³,2025-05-24 17:00:00+00:00,2025-05-25 00:00:00+07:00,Asia/Bangkok,21.05,105.74,VN,False,True,Unknown Governmental Organization,Hanoi Air Quality Monitoring Network
2161306,Minh Khai - Bắc Từ Liêm,so2,0.69,µg/m³,2025-05-24 18:00:00+00:00,2025-05-25 01:00:00+07:00,Asia/Bangkok,21.05,105.74,VN,False,True,Unknown Governmental Organization,Hanoi Air Quality Monitoring Network
2161306,Minh Khai - Bắc Từ Liêm,so2,0.26,µg/m³,2025-05-24 19:00:00+00:00,2025-05-25 02:00:00+07:00,Asia/Bangkok,21.05,105.74,VN,False,True,Unknown Governmental Organization,Hanoi Air Quality Monitoring Network
2161306,Minh Khai - Bắc Từ Liêm,so2,0.41,µg/m³,2025-05-24 20:00:00+00:00,2025-05-25 03:00:00+07:00,Asia/Bangkok,21.05,105.74,VN,False,True,Unknown Governmental Organization,Hanoi Air Quality Monitoring Network
2161306,Minh Khai - Bắc Từ Liêm,so2,0.11,µg/m³,2025-05-24 21:00:00+00:00,2025-05-25 04:00:00+07:00,Asia/Bangkok,21.05,105.74,VN,False,True,Unknown Governmental Organization,Hanoi Air Quality Monitoring Network
2161306,Minh Khai - Bắc Từ Liêm,so2,0.36,µg/m³,2025-05-24 22:00:00+00:00,2025-05-25 05:00:00+07:00,Asia/Bangkok,21.05,105.74,VN,False,True,Unknown Governmental Organization,Hanoi Air Quality Monitoring Network
2161306,Minh Khai - Bắc Từ Liêm,so2,0.0,µg/m³,2025-05-24 23:00:00+00:00,2025-05-25 06:00:00+07:00,Asia/Bangkok,21.05,105.74,VN,False,True,Unknown Governmental Organization,Hanoi Air Quality Monitoring Network
2161306,Minh Khai - Bắc Từ Liêm,pm10,39.92,µg/m³,2025-05-24 00:00:00+00:00,2025-05-24 07:00:00+07:00,Asia/Bangkok,21.05,105.74,VN,False,True,Unknown Governmental Organization,Hanoi Air Quality Monitoring Network
2161306,Minh Khai - Bắc Từ Liêm,pm10,28.47,µg/m³,2025-05-24 01:00:00+00:00,2025-05-24 08:00:00+07:00,Asia/Bangkok,21.05,105.74,VN,False,True,Unknown Governmental Organization,Hanoi Air Quality Monitoring Network
2161306,Minh Khai - Bắc Từ Liêm,pm10,14.46,µg/m³,2025-05-24 09:00:00+00:00,2025-05-24 16:00:00+07:00,Asia/Bangkok,21.05,105.74,VN,False,True,Unknown Governmental Organization,Hanoi Air Quality Monitoring Network
2161306,Minh Khai - Bắc Từ Liêm,pm10,16.91,µg/m³,2025-05-24 10:00:00+00:00,2025-05-24 17:00:00+07:00,Asia/Bangkok,21.05,105.74,VN,False,True,Unknown Governmental Organization,Hanoi Air Quality Monitoring Network
2161306,Minh Khai - Bắc Từ Liêm,pm10,18.06,µg/m³,2025-05-24 11:00:00+00:00,2025-05-24 18:00:00+07:00,Asia/Bangkok,21.05,105.74,VN,False,True,Unknown Governmental Organization,Hanoi Air Quality Monitoring Network
2161306,Minh Khai - Bắc Từ Liêm,pm10,27.28,µg/m³,2025-05-24 12:00:00+00:00,2025-05-24 19:00:00+07:00,Asia/Bangkok,21.05,105.74,VN,False,True,Unknown Governmental Organization,Hanoi Air Quality Monitoring Network
2161306,Minh Khai - Bắc Từ Liêm,pm10,35.85,µg/m³,2025-05-24 13:00:00+00:00,2025-05-24 20:00:00+07:00,Asia/Bangkok,21.05,105.74,VN,False,True,Unknown Governmental Organization,Hanoi Air Quality Monitoring Network
2161306,Minh Khai - Bắc Từ Liêm,pm10,39.21,µg/m³,2025-05-24 14:00:00+00:00,2025-05-24 21:00:00+07:00,Asia/Bangkok,21.05,105.74,VN,False,True,Unknown Governmental Organization,Hanoi Air Quality Monitoring Network
2161306,Minh Khai - Bắc Từ Liêm,pm10,36.59,µg/m³,2025-05-24 15:00:00+00:00,2025-05-24 22:00:00+07:00,Asia/Bangkok,21.05,105.74,VN,False,True,Unknown Governmental Organization,Hanoi Air Quality Monitoring Network
2161306,Minh Khai - Bắc Từ Liêm,pm10,33.08,µg/m³,2025-05-24 16:00:00+00:00,2025-05-24 23:00:00+07:00,Asia/Bangkok,21.05,105.74,VN,False,True,Unknown Governmental Organization,Hanoi Air Quality Monitoring Network
2161306,Minh Khai - Bắc Từ Liêm,pm10,28.78,µg/m³,2025-05-24 17:00:00+00:00,2025-05-25 00:00:00+07:00,Asia/Bangkok,21.05,105.74,VN,False,True,Unknown Governmental Organization,Hanoi Air Quality Monitoring Network
2161306,Minh Khai - Bắc Từ Liêm,pm10,25.11,µg/m³,2025-05-24 18:00:00+00:00,2025-05-25 01:00:00+07:00,Asia/Bangkok,21.05,105.74,VN,False,True,Unknown Governmental Organization,Hanoi Air Quality Monitoring Network
2161306,Minh Khai - Bắc Từ Liêm,pm10,24.48,µg/m³,2025-05-24 19:00:00+00:00,2025-05-25 02:00:00+07:00,Asia/Bangkok,21.05,105.74,VN,False,True,Unknown Governmental Organization,Hanoi Air Quality Monitoring Network
2161306,Minh Khai - Bắc Từ Liêm,pm10,22.42,µg/m³,2025-05-24 20:00:00+00:00,2025-05-25 03:00:00+07:00,Asia/Bangkok,21.05,105.74,VN,False,True,Unknown Governmental Organization,Hanoi Air Quality Monitoring Network
2161306,Minh Khai - Bắc Từ Liêm,pm10,22.05,µg/m³,2025-05-24 21:00:00+00:00,2025-05-25 04:00:00+07:00,Asia/Bangkok,21.05,105.74,VN,False,True,Unknown Governmental Organization,Hanoi Air Quality Monitoring Network
2161306,Minh Khai - Bắc Từ Liêm,pm10,24.1,µg/m³,2025-05-24 22:00:00+00:00,2025-05-25 05:00:00+07:00,Asia/Bangkok,21.05,105.74,VN,False,True,Unknown Governmental Organization,Hanoi Air Quality Monitoring Network
2161306,Minh Khai - Bắc Từ Liêm,pm10,17.93,µg/m³,2025-05-24 23:00:00+00:00,2025-05-25 06:00:00+07:00,Asia/Bangkok,21.05,105.74,VN,False,True,Unknown Governmental Organization,Hanoi Air Quality Monitoring Network
2161306,Minh Khai - Bắc Từ Liêm,o3,5.79,µg/m³,2025-05-24 00:00:00+00:00,2025-05-24 07:00:00+07:00,Asia/Bangkok,21.05,105.74,VN,False,True,Unknown Governmental Organization,Hanoi Air Quality Monitoring Network
2161306,Minh Khai - Bắc Từ Liêm,o3,19.7,µg/m³,2025-05-24 01:00:00+00:00,2025-05-24 08:00:00+07:00,Asia/Bangkok,21.05,105.74,VN,False,True,Unknown Governmental Organization,Hanoi Air Quality Monitoring Network
2161306,Minh Khai - Bắc Từ Liêm,o3,30.88,µg/m³,2025-05-24 09:00:00+00:00,2025-05-24 16:00:00+07:00,Asia/Bangkok,21.05,105.74,VN,False,True,Unknown Governmental Organization,Hanoi Air Quality Monitoring Network
2161306,Minh Khai - Bắc Từ Liêm,o3,16.27,µg/m³,2025-05-24 10:00:00+00:00,2025-05-24 17:00:00+07:00,Asia/Bangkok,21.05,105.74,VN,False,True,Unknown Governmental Organization,Hanoi Air Quality Monitoring Network
2161306,Minh Khai - Bắc Từ Liêm,o3,15.01,µg/m³,2025-05-24 11:00:00+00:00,2025-05-24 18:00:00+07:00,Asia/Bangkok,21.05,105.74,VN,False,True,Unknown Governmental Organization,Hanoi Air Quality Monitoring Network
2161306,Minh Khai - Bắc Từ Liêm,o3,6.29,µg/m³,2025-05-24 12:00:00+00:00,2025-05-24 19:00:00+07:00,Asia/Bangkok,21.05,105.74,VN,False,True,Unknown Governmental Organization,Hanoi Air Quality Monitoring Network
2161306,Minh Khai - Bắc Từ Liêm,o3,23.57,µg/m³,2025-05-24 13:00:00+00:00,2025-05-24 20:00:00+07:00,Asia/Bangkok,21.05,105.74,VN,False,True,Unknown Governmental Organization,Hanoi Air Quality Monitoring Network
2161306,Minh Khai - Bắc Từ Liêm,o3,11.1,µg/m³,2025-05-24 14:00:00+00:00,2025-05-24 21:00:00+07:00,Asia/Bangkok,21.05,105.74,VN,False,True,Unknown Governmental Organization,Hanoi Air Quality Monitoring Network
2161306,Minh Khai - Bắc Từ Liêm,o3,24.3,µg/m³,2025-05-24 15:00:00+00:00,2025-05-24 22:00:00+07:00,Asia/Bangkok,21.05,105.74,VN,False,True,Unknown Governmental Organization,Hanoi Air Quality Monitoring Network
2161306,Minh Khai - Bắc Từ Liêm,o3,10.62,µg/m³,2025-05-24 16:00:00+00:00,2025-05-24 23:00:00+07:00,Asia/Bangkok,21.05,105.74,VN,False,True,Unknown Governmental Organization,Hanoi Air Quality Monitoring Network
2161306,Minh Khai - Bắc Từ Liêm,o3,20.42,µg/m³,2025-05-24 17:00:00+00:00,2025-05-25 00:00:00+07:00,Asia/Bangkok,21.05,105.74,VN,False,True,Unknown Governmental Organization,Hanoi Air Quality Monitoring Network
2161306,Minh Khai - Bắc Từ Liêm,o3,17.2,µg/m³,2025-05-24 18:00:00+00:00,2025-05-25 01:00:00+07:00,Asia/Bangkok,21.05,105.74,VN,False,True,Unknown Governmental Organization,Hanoi Air Quality Monitoring Network
2161306,Minh Khai - Bắc Từ Liêm,o3,31.08,µg/m³,2025-05-24 19:00:00+00:00,2025-05-25 02:00:00+07:00,Asia/Bangkok,21.05,105.74,VN,False,True,Unknown Governmental Organization,Hanoi Air Quality Monitoring Network
2161306,Minh Khai - Bắc Từ Liêm,o3,14.62,µg/m³,2025-05-24 20:00:00+00:00,2025-05-25 03:00:00+07:00,Asia/Bangkok,21.05,105.74,VN,False,True,Unknown Governmental Organization,Hanoi Air Quality Monitoring Network
2161306,Minh Khai - Bắc Từ Liêm,o3,18.18,µg/m³,2025-05-24 21:00:00+00:00,2025-05-25 04:00:00+07:00,Asia/Bangkok,21.05,105.74,VN,False,True,Unknown Governmental Organization,Hanoi Air Quality Monitoring Network
2161306,Minh Khai - Bắc Từ Liêm,o3,8.77,µg/m³,2025-05-24 22:00:00+00:00,2025-05-25 05:00:00+07:00,Asia/Bangkok,21.05,105.74,VN,False,True,Unknown Governmental Organization,Hanoi Air Quality Monitoring Network
2161306,Minh Khai - Bắc Từ Liêm,o3,16.13,µg/m³,2025-05-24 23:00:00+00:00,2025-05-25 06:00:00+07:00,Asia/Bangkok,21.05,105.74,VN,False,True,Unknown Governmental Organization,Hanoi Air Quality Monitoring Network
2161290,An Khánh,co,416.5,µg/m³,2025-05-24 00:00:00+00:00,2025-05-24 07:00:00+07:00,Asia/Bangkok,21.0024,105.7181,VN,False,True,Unknown Governmental Organization,Hanoi Air Quality Monitoring Network
2161290,An Khánh,co,422.3,µg/m³,2025-05-24 01:00:00+00:00,2025-05-24 08:00:00+07:00,Asia/Bangkok,21.0024,105.7181,VN,False,True,Unknown Governmental Organization,Hanoi Air Quality Monitoring Network
2161290,An Khánh,co,421.2,µg/m³,2025-05-24 09:00:00+00:00,2025-05-24 16:00:00+07:00,Asia/Bangkok,21.0024,105.7181,VN,False,True,Unknown Governmental Organization,Hanoi Air Quality Monitoring Network
2161290,An Khánh,co,483.2,µg/m³,2025-05-24 10:00:00+00:00,2025-05-24 17:00:00+07:00,Asia/Bangkok,21.0024,105.7181,VN,False,True,Unknown Governmental Organization,Hanoi Air Quality Monitoring Network
2161290,An Khánh,co,439.4,µg/m³,2025-05-24 11:00:00+00:00,2025-05-24 18:00:00+07:00,Asia/Bangkok,21.0024,105.7181,VN,False,True,Unknown Governmental Organization,Hanoi Air Quality Monitoring Network
2161290,An Khánh,co,456.1,µg/m³,2025-05-24 12:00:00+00:00,2025-05-24 19:00:00+07:00,Asia/Bangkok,21.0024,105.7181,VN,False,True,Unknown Governmental Organization,Hanoi Air Quality Monitoring Network
2161290,An Khánh,co,420.5,µg/m³,2025-05-24 13:00:00+00:00,2025-05-24 20:00:00+07:00,Asia/Bangkok,21.0024,105.7181,VN,False,True,Unknown Governmental Organization,Hanoi Air Quality Monitoring Network
2161290,An Khánh,co,200.5,µg/m³,2025-05-24 14:00:00+00:00,2025-05-24 21:00:00+07:00,Asia/Bangkok,21.0024,105.7181,VN,False,True,Unknown Governmental Organization,Hanoi Air Quality Monitoring Network
2161290,An Khánh,co,168.0,µg/m³,2025-05-24 15:00:00+00:00,2025-05-24 22:00:00+07:00,Asia/Bangkok,21.0024,105.7181,VN,False,True,Unknown Governmental Organization,Hanoi Air Quality Monitoring Network
2161290,An Khánh,co,180.4,µg/m³,2025-05-24 16:00:00+00:00,2025-05-24 23:00:00+07:00,Asia/Bangkok,21.0024,105.7181,VN,False,True,Unknown Governmental Organization,Hanoi Air Quality Monitoring Network
2161290,An Khánh,co,142.2,µg/m³,2025-05-24 17:00:00+00:00,2025-05-25 00:00:00+07:00,Asia/Bangkok,21.0024,105.7181,VN,False,True,Unknown Governmental Organization,Hanoi Air Quality Monitoring Network
2161290,An Khánh,co,109.7,µg/m³,2025-05-24 18:00:00+00:00,2025-05-25 01:00:00+07:00,Asia/Bangkok,21.0024,105.7181,VN,False,True,Unknown Governmental Organization,Hanoi Air Quality Monitoring Network
2161290,An Khánh,co,97.3,µg/m³,2025-05-24 19:00:00+00:00,2025-05-25 02:00:00+07:00,Asia/Bangkok,21.0024,105.7181,VN,False,True,Unknown Governmental Organization,Hanoi Air Quality Monitoring Network
2161290,An Khánh,co,134.8,µg/m³,2025-05-24 20:00:00+00:00,2025-05-25 03:00:00+07:00,Asia/Bangkok,21.0024,105.7181,VN,False,True,Unknown Governmental Organization,Hanoi Air Quality Monitoring Network
2161290,An Khánh,co,176.3,µg/m³,2025-05-24 21:00:00+00:00,2025-05-25 04:00:00+07:00,Asia/Bangkok,21.0024,105.7181,VN,False,True,Unknown Governmental Organization,Hanoi Air Quality Monitoring Network
2161290,An Khánh,co,250.4,µg/m³,2025-05-24 22:00:00+00:00,2025-05-25 05:00:00+07:00,Asia/Bangkok,21.0024,105.7181,VN,False,True,Unknown Governmental Organization,Hanoi Air Quality Monitoring Network
2161290,An Khánh,co,424.6,µg/m³,2025-05-24 23:00:00+00:00,2025-05-25 06:00:00+07:00,Asia/Bangkok,21.0024,105.7181,VN,False,True,Unknown Governmental Organization,Hanoi Air Quality Monitoring Network
2161290,An Khánh,pm25,5.7,µg/m³,2025-05-24 00:00:00+00:00,2025-05-24 07:00:00+07:00,Asia/Bangkok,21.0024,105.7181,VN,False,True,Unknown Governmental Organization,Hanoi Air Quality Monitoring Network
2161290,An Khánh,pm25,5.4,µg/m³,2025-05-24 01:00:00+00:00,2025-05-24 08:00:00+07:00,Asia/Bangkok,21.0024,105.7181,VN,False,True,Unknown Governmental Organization,Hanoi Air Quality Monitoring Network
2161290,An Khánh,pm25,10.4,µg/m³,2025-05-24 09:00:00+00:00,2025-05-24 16:00:00+07:00,Asia/Bangkok,21.0024,105.7181,VN,False,True,Unknown Governmental Organization,Hanoi Air Quality Monitoring Network
2161290,An Khánh,pm25,13.2,µg/m³,2025-05-24 10:00:00+00:00,2025-05-24 17:00:00+07:00,Asia/Bangkok,21.0024,105.7181,VN,False,True,Unknown Governmental Organization,Hanoi Air Quality Monitoring Network
2161290,An Khánh,pm25,13.2,µg/m³,2025-05-24 11:00:00+00:00,2025-05-24 18:00:00+07:00,Asia/Bangkok,21.0024,105.7181,VN,False,True,Unknown Governmental Organization,Hanoi Air Quality Monitoring Network
2161290,An Khánh,pm25,15.5,µg/m³,2025-05-24 12:00:00+00:00,2025-05-24 19:00:00+07:00,Asia/Bangkok,21.0024,105.7181,VN,False,True,Unknown Governmental Organization,Hanoi Air Quality Monitoring Network
2161290,An Khánh,pm25,14.9,µg/m³,2025-05-24 13:00:00+00:00,2025-05-24 20:00:00+07:00,Asia/Bangkok,21.0024,105.7181,VN,False,True,Unknown Governmental Organization,Hanoi Air Quality Monitoring Network
2161290,An Khánh,pm25,12.7,µg/m³,2025-05-24 14:00:00+00:00,2025-05-24 21:00:00+07:00,Asia/Bangkok,21.0024,105.7181,VN,False,True,Unknown Governmental Organization,Hanoi Air Quality Monitoring Network
2161290,An Khánh,pm25,12.8,µg/m³,2025-05-24 15:00:00+00:00,2025-05-24 22:00:00+07:00,Asia/Bangkok,21.0024,105.7181,VN,False,True,Unknown Governmental Organization,Hanoi Air Quality Monitoring Network
2161290,An Khánh,pm25,14.4,µg/m³,2025-05-24 16:00:00+00:00,2025-05-24 23:00:00+07:00,Asia/Bangkok,21.0024,105.7181,VN,False,True,Unknown Governmental Organization,Hanoi Air Quality Monitoring Network
2161290,An Khánh,pm25,11.9,µg/m³,2025-05-24 17:00:00+00:00,2025-05-25 00:00:00+07:00,Asia/Bangkok,21.0024,105.7181,VN,False,True,Unknown Governmental Organization,Hanoi Air Quality Monitoring Network
2161290,An Khánh,pm25,11.5,µg/m³,2025-05-24 18:00:00+00:00,2025-05-25 01:00:00+07:00,Asia/Bangkok,21.0024,105.7181,VN,False,True,Unknown Governmental Organization,Hanoi Air Quality Monitoring Network
2161290,An Khánh,pm25,11.6,µg/m³,2025-05-24 19:00:00+00:00,2025-05-25 02:00:00+07:00,Asia/Bangkok,21.0024,105.7181,VN,False,True,Unknown Governmental Organization,Hanoi Air Quality Monitoring Network
2161290,An Khánh,pm25,14.0,µg/m³,2025-05-24 20:00:00+00:00,2025-05-25 03:00:00+07:00,Asia/Bangkok,21.0024,105.7181,VN,False,True,Unknown Governmental Organization,Hanoi Air Quality Monitoring Network
2161290,An Khánh,pm25,13.2,µg/m³,2025-05-24 21:00:00+00:00,2025-05-25 04:00:00+07:00,Asia/Bangkok,21.0024,105.7181,VN,False,True,Unknown Governmental Organization,Hanoi Air Quality Monitoring Network
2161290,An Khánh,pm25,16.0,µg/m³,2025-05-24 22:00:00+00:00,2025-05-25 05:00:00+07:00,Asia/Bangkok,21.0024,105.7181,VN,False,True,Unknown Governmental Organization,Hanoi Air Quality Monitoring Network
2161290,An Khánh,pm25,18.6,µg/m³,2025-05-24 23:00:00+00:00,2025-05-25 06:00:00+07:00,Asia/Bangkok,21.0024,105.7181,VN,False,True,Unknown Governmental Organization,Hanoi Air Quality Monitoring Network
2161290,An Khánh,no2,19.8,µg/m³,2025-05-24 00:00:00+00:00,2025-05-24 07:00:00+07:00,Asia/Bangkok,21.0024,105.7181,VN,False,True,Unknown Governmental Organization,Hanoi Air Quality Monitoring Network
2161290,An Khánh,no2,21.2,µg/m³,2025-05-24 01:00:00+00:00,2025-05-24 08:00:00+07:00,Asia/Bangkok,21.0024,105.7181,VN,False,True,Unknown Governmental Organization,Hanoi Air Quality Monitoring Network
2161290,An Khánh,no2,20.1,µg/m³,2025-05-24 09:00:00+00:00,2025-05-24 16:00:00+07:00,Asia/Bangkok,21.0024,105.7181,VN,False,True,Unknown Governmental Organization,Hanoi Air Quality Monitoring Network
2161290,An Khánh,no2,25.6,µg/m³,2025-05-24 10:00:00+00:00,2025-05-24 17:00:00+07:00,Asia/Bangkok,21.0024,105.7181,VN,False,True,Unknown Governmental Organization,Hanoi Air Quality Monitoring Network
2161290,An Khánh,no2,25.2,µg/m³,2025-05-24 11:00:00+00:00,2025-05-24 18:00:00+07:00,Asia/Bangkok,21.0024,105.7181,VN,False,True,Unknown Governmental Organization,Hanoi Air Quality Monitoring Network
2161290,An Khánh,no2,26.3,µg/m³,2025-05-24 12:00:00+00:00,2025-05-24 19:00:00+07:00,Asia/Bangkok,21.0024,105.7181,VN,False,True,Unknown Governmental Organization,Hanoi Air Quality Monitoring Network
2161290,An Khánh,no2,28.0,µg/m³,2025-05-24 13:00:00+00:00,2025-05-24 20:00:00+07:00,Asia/Bangkok,21.0024,105.7181,VN,False,True,Unknown Governmental Organization,Hanoi Air Quality Monitoring Network
2161290,An Khánh,no2,22.2,µg/m³,2025-05-24 14:00:00+00:00,2025-05-24 21:00:00+07:00,Asia/Bangkok,21.0024,105.7181,VN,False,True,Unknown Governmental Organization,Hanoi Air Quality Monitoring Network
2161290,An Khánh,no2,19.5,µg/m³,2025-05-24 15:00:00+00:00,2025-05-24 22:00:00+07:00,Asia/Bangkok,21.0024,105.7181,VN,False,True,Unknown Governmental Organization,Hanoi Air Quality Monitoring Network
2161290,An Khánh,no2,18.6,µg/m³,2025-05-24 16:00:00+00:00,2025-05-24 23:00:00+07:00,Asia/Bangkok,21.0024,105.7181,VN,False,True,Unknown Governmental Organization,Hanoi Air Quality Monitoring Network
2161290,An Khánh,no2,16.9,µg/m³,2025-05-24 17:00:00+00:00,2025-05-25 00:00:00+07:00,Asia/Bangkok,21.0024,105.7181,VN,False,True,Unknown Governmental Organization,Hanoi Air Quality Monitoring Network
2161290,An Khánh,no2,16.4,µg/m³,2025-05-24 18:00:00+00:00,2025-05-25 01:00:00+07:00,Asia/Bangkok,21.0024,105.7181,VN,False,True,Unknown Governmental Organization,Hanoi Air Quality Monitoring Network
2161290,An Khánh,no2,17.0,µg/m³,2025-05-24 19:00:00+00:00,2025-05-25 02:00:00+07:00,Asia/Bangkok,21.0024,105.7181,VN,False,True,Unknown Governmental Organization,Hanoi Air Quality Monitoring Network
2161290,An Khánh,no2,17.5,µg/m³,2025-05-24 20:00:00+00:00,2025-05-25 03:00:00+07:00,Asia/Bangkok,21.0024,105.7181,VN,False,True,Unknown Governmental Organization,Hanoi Air Quality Monitoring Network
2161290,An Khánh,no2,14.1,µg/m³,2025-05-24 21:00:00+00:00,2025-05-25 04:00:00+07:00,Asia/Bangkok,21.0024,105.7181,VN,False,True,Unknown Governmental Organization,Hanoi Air Quality Monitoring Network
2161290,An Khánh,no2,16.5,µg/m³,2025-05-24 22:00:00+00:00,2025-05-25 05:00:00+07:00,Asia/Bangkok,21.0024,105.7181,VN,False,True,Unknown Governmental Organization,Hanoi Air Quality Monitoring Network
2161290,An Khánh,no2,21.2,µg/m³,2025-05-24 23:00:00+00:00,2025-05-25 06:00:00+07:00,Asia/Bangkok,21.0024,105.7181,VN,False,True,Unknown Governmental Organization,Hanoi Air Quality Monitoring Network
2161290,An Khánh,pm10,7.1,µg/m³,2025-05-24 00:00:00+00:00,2025-05-24 07:00:00+07:00,Asia/Bangkok,21.0024,105.7181,VN,False,True,Unknown Governmental Organization,Hanoi Air Quality Monitoring Network
2161290,An Khánh,pm10,6.7,µg/m³,2025-05-24 01:00:00+00:00,2025-05-24 08:00:00+07:00,Asia/Bangkok,21.0024,105.7181,VN,False,True,Unknown Governmental Organization,Hanoi Air Quality Monitoring Network
2161290,An Khánh,pm10,12.1,µg/m³,2025-05-24 09:00:00+00:00,2025-05-24 16:00:00+07:00,Asia/Bangkok,21.0024,105.7181,VN,False,True,Unknown Governmental Organization,Hanoi Air Quality Monitoring Network
2161290,An Khánh,pm10,15.2,µg/m³,2025-05-24 10:00:00+00:00,2025-05-24 17:00:00+07:00,Asia/Bangkok,21.0024,105.7181,VN,False,True,Unknown Governmental Organization,Hanoi Air Quality Monitoring Network
2161290,An Khánh,pm10,15.2,µg/m³,2025-05-24 11:00:00+00:00,2025-05-24 18:00:00+07:00,Asia/Bangkok,21.0024,105.7181,VN,False,True,Unknown Governmental Organization,Hanoi Air Quality Monitoring Network
2161290,An Khánh,pm10,17.6,µg/m³,2025-05-24 12:00:00+00:00,2025-05-24 19:00:00+07:00,Asia/Bangkok,21.0024,105.7181,VN,False,True,Unknown Governmental Organization,Hanoi Air Quality Monitoring Network
2161290,An Khánh,pm10,17.0,µg/m³,2025-05-24 13:00:00+00:00,2025-05-24 20:00:00+07:00,Asia/Bangkok,21.0024,105.7181,VN,False,True,Unknown Governmental Organization,Hanoi Air Quality Monitoring Network
2161290,An Khánh,pm10,14.7,µg/m³,2025-05-24 14:00:00+00:00,2025-05-24 21:00:00+07:00,Asia/Bangkok,21.0024,105.7181,VN,False,True,Unknown Governmental Organization,Hanoi Air Quality Monitoring Network
2161290,An Khánh,pm10,14.7,µg/m³,2025-05-24 15:00:00+00:00,2025-05-24 22:00:00+07:00,Asia/Bangkok,21.0024,105.7181,VN,False,True,Unknown Governmental Organization,Hanoi Air Quality Monitoring Network
2161290,An Khánh,pm10,16.4,µg/m³,2025-05-24 16:00:00+00:00,2025-05-24 23:00:00+07:00,Asia/Bangkok,21.0024,105.7181,VN,False,True,Unknown Governmental Organization,Hanoi Air Quality Monitoring Network
2161290,An Khánh,pm10,13.8,µg/m³,2025-05-24 17:00:00+00:00,2025-05-25 00:00:00+07:00,Asia/Bangkok,21.0024,105.7181,VN,False,True,Unknown Governmental Organization,Hanoi Air Quality Monitoring Network
2161290,An Khánh,pm10,13.4,µg/m³,2025-05-24 18:00:00+00:00,2025-05-25 01:00:00+07:00,Asia/Bangkok,21.0024,105.7181,VN,False,True,Unknown Governmental Organization,Hanoi Air Quality Monitoring Network
2161290,An Khánh,pm10,13.5,µg/m³,2025-05-24 19:00:00+00:00,2025-05-25 02:00:00+07:00,Asia/Bangkok,21.0024,105.7181,VN,False,True,Unknown Governmental Organization,Hanoi Air Quality Monitoring Network
2161290,An Khánh,pm10,16.1,µg/m³,2025-05-24 20:00:00+00:00,2025-05-25 03:00:00+07:00,Asia/Bangkok,21.0024,105.7181,VN,False,True,Unknown Governmental Organization,Hanoi Air Quality Monitoring Network
2161290,An Khánh,pm10,15.3,µg/m³,2025-05-24 21:00:00+00:00,2025-05-25 04:00:00+07:00,Asia/Bangkok,21.0024,105.7181,VN,False,True,Unknown Governmental Organization,Hanoi Air Quality Monitoring Network
2161290,An Khánh,pm10,18.2,µg/m³,2025-05-24 22:00:00+00:00,2025-05-25 05:00:00+07:00,Asia/Bangkok,21.0024,105.7181,VN,False,True,Unknown Governmental Organization,Hanoi Air Quality Monitoring Network
2161290,An Khánh,pm10,21.1,µg/m³,2025-05-24 23:00:00+00:00,2025-05-25 06:00:00+07:00,Asia/Bangkok,21.0024,105.7181,VN,False,True,Unknown Governmental Organization,Hanoi Air Quality Monitoring Network
